<?xml version="1.0"?>
<doc>
    <assembly>
        <name>SharpVectors.Notifications.Wpf</name>
    </assembly>
    <members>
        <member name="P:Notification.Wpf.Classes.ProgressFinaly`1.IsFinished">
            <summary>progress was finished</summary>
        </member>
        <member name="P:Notification.Wpf.Classes.ProgressFinaly`1._IsFinished">
            <summary>progress was finished</summary>
        </member>
        <member name="T:Notification.Wpf.NotificationsOverlayWindow">
            <summary>
            Interaction logic for ToastWindow.xaml
            </summary>
            <summary>
            NotificationsOverlayWindow
            </summary>
        </member>
        <member name="M:Notification.Wpf.NotificationsOverlayWindow.InitializeComponent">
            <summary>
            InitializeComponent
            </summary>
        </member>
        <member name="T:Notification.Wpf.View.NotificationInfoView">
            <summary>
            Логика взаимодействия для NotificationInfoView.xaml
            </summary>
            <summary>
            NotificationInfoView
            </summary>
        </member>
        <member name="M:Notification.Wpf.View.NotificationInfoView.InitializeComponent">
            <summary>
            InitializeComponent
            </summary>
        </member>
        <member name="T:Notification.Wpf.View.NotificationProgress">
            <summary>
            Логика взаимодействия для NotificationProgress.xaml
            </summary>
            <summary>
            NotificationProgress
            </summary>
        </member>
        <member name="M:Notification.Wpf.View.NotificationProgress.InitializeComponent">
            <summary>
            InitializeComponent
            </summary>
        </member>
        <member name="F:Notifications.Wpf.Extensions.ColumnDefinitionCollapsable.VisibleProperty">
            <summary>Видимость</summary>
        </member>
        <member name="P:Notifications.Wpf.Extensions.ColumnDefinitionCollapsable.Visible">
            <summary>Видимость</summary>
        </member>
        <member name="F:Notifications.Wpf.Extensions.RowDefinitionCollapsable.VisibleProperty">
            <summary>Видимость</summary>
        </member>
        <member name="P:Notifications.Wpf.Extensions.RowDefinitionCollapsable.Visible">
            <summary>Видимость</summary>
        </member>
    </members>
</doc>
